ticker;preco;var_1d;var_5d;var_20d;rsi;macd_hist;bb_pct;vol_ratio;atr_pct;dist_min52;dist_max52;pl;pvp;dy;roe;score;classificacao;liquidez;gema;volume_dia
EGIE3;30,62;-5,11;-5,55;-8,46;34,4;-0,202;-12,2;4,91;3,23;14,6;26,8;13.6;2,55;-;20.2%;65;FORTE OPORTUNIDADE;alta;False;8712900
ANIM3;1,93;-32,75;-24,31;-34,8;25,7;-0,006;-47,4;8,47;10,14;0,5;174,0;5.9;0,33;-;8.7%;60;FORTE OPORTUNIDADE;alta;False;35186000
CAML3;4,41;-18,18;-8,88;-10,73;33,2;0,014;-20,0;7,03;5,42;9,7;65,6;14.3;0,49;-;4.6%;60;FORTE OPORTUNIDADE;alta;False;4774700
MTRE3;3,07;-0,96;-3,13;-5,49;34,7;-0,012;0,0;1,77;3,05;5,9;35,0;5.2;0,31;-;8.3%;60;FORTE OPORTUNIDADE;alta;False;1122700
MELK3;3,0;-5,36;-2,91;-7,98;34,8;-0,009;-23,1;3,09;2,75;2,9;33,6;5.2;0,57;-;13.4%;60;FORTE OPORTUNIDADE;baixa;True;334400
POMO4;5,43;-3,38;-2,34;-8,12;35,2;-0,028;-9,2;2,26;3,21;0,7;46,4;5.3;1,61;-;30.9%;55;OBSERVAR;alta;False;12400700
ISAE4;27,78;-5,03;-3,51;2,47;45,5;0,051;28,4;2,84;2,68;41,5;15,3;7.9;0,86;-;11.3%;55;OBSERVAR;alta;False;5148800
POMO3;5,0;-3,85;-2,72;-11,35;31,4;-0,029;-4,2;2,83;3,43;0,2;34,8;4.9;1,5;-;30.9%;55;OBSERVAR;alta;False;1664600
SHUL4;4,5;-1,96;-0,22;-5,09;35,9;-0,007;3,8;2,43;2,33;13,6;23,6;5.8;1,05;-;18.2%;55;OBSERVAR;baixa;True;641700
GFSA3;0,49;-12,5;-25,76;-62,6;21,2;-0,049;10,9;2,28;21,82;0,0;3836,7;-;0,01;-;-34.7%;50;OBSERVAR;alta;False;6964700
TEND3;33,04;-4,51;-0,54;0,3;42,8;-0,451;7,0;1,0;4,82;71,8;14,8;6.6;2,93;-;47.1%;50;OBSERVAR;alta;False;1552300
DIRR3;12,67;-2,46;0,72;-3,87;41,0;-0,135;8,1;0,77;4,17;11,5;36,2;7.8;3,02;-;42.9%;45;OBSERVAR;alta;False;7817500
LOGG3;26,12;0,46;-1,62;-2,39;43,7;-0,283;9,5;0,7;2,84;76,9;9,9;5.8;0,62;-;11.0%;45;OBSERVAR;baixa;True;872700
MLAS3;1,71;-1,72;8,92;4,91;54,9;0,005;74,9;1,69;4,97;113,6;8,8;7.8;0,45;-;6.0%;45;OBSERVAR;baixa;True;705100
ALLD3;4,51;-2,38;-1,96;-8,15;25,8;0,022;-1,1;0,69;3,13;0,0;82,6;1.3;0,28;-;21.8%;45;OBSERVAR;baixa;True;264500
LEVE3;31,75;-0,94;-0,28;-2,91;39,0;-0,067;5,8;2,49;1,94;30,9;14,0;6.4;4,0;-;67.7%;45;OBSERVAR;baixa;True;232000
ABEV3;15,57;-1,52;-0,32;-3,56;37,7;-0,069;11,0;1,27;2,17;39,8;9,1;15.8;2,7;-;17.3%;40;OBSERVAR;alta;False;20772600
AXIA3;50,42;-4,2;-4,96;-3,76;37,4;-0,221;-6,5;1,87;3,03;44,7;34,5;11.3;1,17;-;7.9%;40;OBSERVAR;alta;False;9005300
RAIZ4;0,29;-6,45;-23,68;-30,95;25,7;-0,009;-13,7;0,93;10,01;0,0;441,4;-;-0,34;-;-548.1%;40;OBSERVAR;alta;False;7986800
PGMN3;3,53;-2,75;-1,94;-9,25;36,5;0,026;0,3;0,79;4,37;12,0;115,9;7.1;0,75;-;10.1%;40;OBSERVAR;alta;False;5676600
CURY3;32,73;-2,56;4,47;2,67;47,6;-0,252;20,1;0,51;3,94;32,3;25,4;8.7;6,24;-;73.7%;40;OBSERVAR;alta;False;4405700
AZEV4;1,2;-6,25;-12,41;-40,0;30,8;-0,031;13,0;1,15;20,83;2,6;1016,7;-;0,32;-;-145.3%;40;OBSERVAR;alta;False;2047900
EZTC3;12,26;-3,69;-1,13;-3,99;39,5;-0,052;-5,2;1,74;3,94;31,1;35,3;5.7;0,65;-;11.3%;40;OBSERVAR;alta;False;1641200
AXIA7;49,0;-4,45;-5,5;-3,54;37,5;-0,269;-7,1;1,82;3,06;3,9;33,2;-;1,14;-;7.9%;40;OBSERVAR;alta;False;1452700
USIM3;7,37;-1,6;-2,38;-14,99;33,8;-0,008;13,4;2,23;4,54;84,2;48,6;-;0,43;-;-9.3%;40;OBSERVAR;baixa;True;306400
VVEO3;0,58;-3,33;-4,92;-52,85;26,7;-0,006;28,7;0,36;12,95;3,6;220,7;9.5;0,1;-;1.1%;35;NEUTRO;alta;False;2345900
BMGB4;5,38;0,75;3,07;1,51;56,2;0,002;80,4;1,35;2,78;76,7;8,2;5.3;0,69;-;13.5%;35;NEUTRO;baixa;True;859000
ITUB4;43,14;-1,12;2,98;6,73;59,7;0,107;72,3;0,84;2,11;42,0;12,9;10.3;2,24;-;21.8%;30;NEUTRO;alta;False;18156600
SBSP3;29,98;-1,19;2,5;9,18;55,2;0,114;64,9;0,69;2,48;49,8;17,8;11.5;2,35;-;21.2%;30;NEUTRO;alta;False;9671700
MOVI3;8,71;-1,25;2,23;-0,34;39,9;-0,015;17,9;1,06;4,45;63,0;71,9;8.3;0,96;-;12.9%;30;NEUTRO;alta;False;8387800
WEGE3;44,26;0,14;-2,4;1,28;43,5;-0,289;2,7;1,18;2,56;31,1;22,7;29.0;10,48;-;32.5%;30;NEUTRO;alta;False;5658700
BBSE3;40,71;0,79;5,06;3,59;73,4;0,07;104,0;0,79;1,66;41,0;0,0;8.7;6,32;-;75.6%;30;NEUTRO;alta;False;5077800
ITUB3;45,49;-0,57;2,62;6,77;64,9;0,064;76,4;1,27;2,06;68,8;4,1;11.0;2,38;-;21.8%;30;NEUTRO;alta;False;3205000
LJQQ3;1,18;-2,48;0,85;-8,53;38,7;0,001;14,3;0,59;6,16;1,7;143,2;-;0,73;-;-43.8%;30;NEUTRO;alta;False;2454100
PSSA3;55,22;1,71;5,18;8,16;64,9;0,085;102,9;0,94;2,23;28,7;0,3;9.7;2,28;-;25.2%;30;NEUTRO;baixa;True;704200
SANB3;13,18;-1,86;6,89;0,69;54,0;0,093;79,7;2,15;2,39;14,6;39,4;8.0;0,39;-;10.5%;30;NEUTRO;baixa;True;296200
MILS3;15,5;0,06;0,98;1,91;63,6;-0,053;73,6;1,29;1,14;64,1;1,0;8.6;1,98;-;26.3%;30;NEUTRO;baixa;True;288400
VBBR3;33,75;1,35;6,64;21,1;74,4;0,48;99,4;1,17;2,55;93,1;0,0;13.4;1,89;-;14.0%;25;NEUTRO;alta;False;11574300
GGBR4;24,2;3,77;9,3;6,09;69,2;0,316;118,0;1,54;2,7;57,8;1,9;28.8;0,89;-;3.1%;25;NEUTRO;alta;False;8000700
BEEF3;3,72;0,0;7,83;0,0;54,3;0,034;86,1;0,65;3,58;9,1;96,6;7.8;2,88;-;83.8%;25;NEUTRO;alta;False;5253900
PCAR3;2,62;6,94;-3,32;55,95;61,1;0,01;70,2;1,73;6,68;87,1;75,6;-;1,92;-;-109.7%;25;NEUTRO;alta;False;3765400
VIVA3;23,52;0,38;6,09;13,51;59,0;0,145;79,3;0,97;3,11;17,4;52,6;9.4;1,81;-;20.7%;25;NEUTRO;alta;False;3357700
TOTS3;29,92;4,18;3,39;7,12;53,1;0,241;84,7;1,59;3,71;11,6;59,4;20.3;3,49;-;16.9%;25;NEUTRO;alta;False;2610400
RIAA3;8,49;-4,5;0,35;-0,54;44,3;-0,014;19,2;1,09;3,86;62,4;27,6;2.8;0,79;-;28.2%;25;NEUTRO;alta;False;2420700
MULT3;29,74;0,41;4,31;7,53;56,3;0,147;79,6;2,14;2,34;25,0;18,6;11.8;2,21;-;20.0%;25;NEUTRO;alta;False;1563800
FLRY3;16,51;0,61;7,14;12,39;65,5;0,127;98,1;0,95;2,26;41,8;9,6;14.2;1,72;-;11.7%;25;NEUTRO;alta;False;1397500
PASS3;25,11;-0,36;2,41;0,44;50,1;0,116;71,4;0,38;3,15;5,2;12,9;14.4;3,11;-;18.8%;25;NEUTRO;baixa;True;481500
FESA4;5,93;-0,67;2,42;-3,42;43,4;0,029;41,2;0,66;2,29;7,9;50,1;13.0;0,61;-;4.9%;25;NEUTRO;baixa;True;444600
SANB4;13,85;-0,72;3,44;-1,35;47,7;0,029;46,2;1,79;2,27;9,6;36,2;8.4;0,41;-;10.5%;25;NEUTRO;baixa;True;318300
ROMI3;6,05;-0,98;0,0;-1,94;41,8;0,017;32,0;1,66;2,23;1,7;46,0;7.5;0,46;-;6.4%;25;NEUTRO;baixa;True;236800
SYNE3;4,25;0,24;2,41;16,12;57,7;-0,008;62,5;0,38;3,27;23,2;22,7;9.5;0,9;-;4.7%;25;NEUTRO;baixa;True;226100
ONCO3;0,89;-7,29;-16,04;-24,58;40,0;-0,033;18,9;2,06;18,67;41,3;574,2;-;1,78;-;-205.9%;20;NEUTRO;alta;False;20678600
CMIN3;5,24;2,75;12,45;22,72;67,9;0,122;94,4;0,87;4,49;28,4;21,6;13.3;4,18;-;25.7%;20;NEUTRO;alta;False;13610300
ITSA4;13,93;0,22;4,5;8,05;63,2;0,056;85,5;0,76;2,05;56,1;8,0;9.1;1,71;-;18.4%;20;NEUTRO;alta;False;12755000
UGPA3;31,1;3,29;5,93;28,57;74,4;0,541;92,7;1,43;3,02;112,8;0,4;11.2;2,08;-;19.2%;20;NEUTRO;alta;False;12334600
USIM5;8,2;-0,36;-1,8;-14,23;34,2;-0,015;17,7;0,97;4,58;110,3;48,5;-;0,47;-;-9.3%;20;NEUTRO;alta;False;11618900
CEAB3;10,34;-1,34;2,07;2,48;45,4;0,007;43,0;0,87;4,55;9,5;74,8;5.3;0,81;-;16.8%;20;NEUTRO;alta;False;7935400
MBRF3;15,4;-4,29;0,13;-0,65;41,3;-0,105;25,1;1,54;4,74;5,6;79,6;46.3;1,88;-;1.8%;20;NEUTRO;alta;False;6129600
AMBP3;0,15;-6,25;-6,25;-16,67;37,8;-0,001;1,5;0,64;11,52;7,1;12820,0;-;0,24;-;-1.3%;20;NEUTRO;alta;False;4394600
SANB11;27,0;-1,24;5,47;-0,3;50,9;0,128;65,7;0,9;2,26;12,1;37,7;13.1;0,79;-;10.5%;20;NEUTRO;alta;False;3496000
TAEE11;40,92;-0,82;2,84;5,25;55,8;0,111;73,6;1,25;1,96;34,2;8,8;39.5;1,78;-;20.6%;20;NEUTRO;alta;False;3122800
SAUD3;15,35;0,0;2,33;20,96;72,2;0,105;82,2;0,38;2,45;48,6;7,4;14.9;5,9;-;40.4%;20;NEUTRO;alta;False;2037800
PLPL3;8,27;-0,36;6,57;2,86;46,3;0,072;52,0;0,94;5,1;10,0;110,2;4.7;1,51;-;38.0%;20;NEUTRO;alta;False;1978200
SMTO3;15,53;-3,66;1,84;1,42;47,2;0,157;61,0;1,46;3,66;22,0;37,8;6.2;0,69;-;11.9%;20;NEUTRO;alta;False;1740900
INTB3;13,31;1,91;3,98;5,3;50,0;0,016;52,4;0,89;3,03;31,7;20,0;7.6;1,39;-;18.8%;20;NEUTRO;alta;False;1360900
GRND3;3,87;-0,77;4,59;1,31;50,9;0,022;66,5;0,55;2,16;13,5;28,5;5.5;1,09;-;17.9%;20;NEUTRO;alta;False;1327600
CPFE3;46,83;-0,78;3,01;7,83;59,0;0,257;83,2;1,23;2,02;36,6;13,2;9.4;2,24;-;24.8%;20;NEUTRO;alta;False;1169100
EVEN3;5,4;-6,09;2,47;-1,64;44,0;0,002;13,5;1,42;4,06;5,4;58,0;2.5;0,51;-;12.2%;20;NEUTRO;baixa;True;972600
SEER3;12,15;0,5;5,93;14,19;59,1;0,1;85,3;2,25;3,65;62,9;16,3;1.6;1,07;-;18.5%;20;NEUTRO;baixa;True;796400
KEPL3;6,47;-1,22;2,54;0,31;43,8;0,022;34,1;1,31;2,66;4,4;62,3;7.6;1,41;-;19.6%;20;NEUTRO;baixa;True;729400
OIBR3;0,12;0,0;-7,69;0,0;50,0;0,001;62,2;1,53;3,06;200,0;450,0;-;-0,0;-;-;20;NEUTRO;baixa;True;347300
VTRU3;12,84;-1,98;-1,83;-4,25;42,3;-0,036;-6,1;1,13;3,91;52,2;35,1;1.6;0,45;20.0%;35.2%;20;NEUTRO;baixa;True;311400
LAVV3;11,07;-1,95;6,44;3,94;47,4;0,027;43,7;1,28;3,77;11,8;71,5;5.4;1,56;-;26.6%;20;NEUTRO;baixa;True;300500
TGMA3;30,58;-0,81;2,72;-0,88;51,0;0,09;76,3;0,84;2,76;13,5;33,7;8.5;2,22;-;25.4%;20;NEUTRO;baixa;True;231600
CPLE3;15,02;-1,25;1,42;5,03;50,7;0,017;49,2;0,88;2,11;52,7;12,3;16.0;1,82;-;10.8%;15;EVITAR;alta;False;42664400
BBDC4;18,6;-0,16;5,14;8,15;64,9;0,125;87,6;0,67;2,17;32,6;14,3;8.8;1,08;-;13.4%;15;EVITAR;alta;False;19600800
COGN3;2,25;-3,43;3,21;-2,17;42,8;0,016;29,4;0,87;4,12;5,1;110,1;6.7;0,33;-;4.7%;15;EVITAR;alta;False;15327100
CVCB3;1,34;-2,9;9,84;2,29;46,6;0,021;60,4;0,97;5,72;11,7;108,2;-;1,75;-;-23.0%;15;EVITAR;alta;False;10553900
BBDC3;16,32;0,31;5,29;8,88;69,4;0,117;92,3;0,39;2,08;35,8;11,6;7.6;0,94;-;13.4%;15;EVITAR;alta;False;10455500
MRVE3;4,87;0,62;0,62;-4,13;39,2;0,006;25,5;1,43;5,09;5,2;116,2;-;0,52;-;-11.8%;15;EVITAR;alta;False;8581000
PETR3;45,53;0,11;3,1;5,71;57,7;0,586;96,0;0,86;2,47;55,7;19,9;5.5;1,29;-;25.6%;15;EVITAR;alta;False;7938200
CMIG4;11,15;-0,45;3,24;6,94;55,7;0,053;78,7;0,78;1,89;23,6;19,6;6.5;1,1;-;17.0%;15;EVITAR;alta;False;7740900
ECOR3;7,57;-3,2;5,43;7,99;52,4;0,067;70,0;0,83;3,8;26,1;57,6;6.7;1,23;-;17.3%;15;EVITAR;alta;False;6659300
LIGT3;3,23;2,54;8,75;30,24;54,9;0,032;69,5;1,22;6,98;34,0;135,3;1.8;0,15;-;37.5%;15;EVITAR;alta;False;6592100
CYRE3;22,5;-2,0;5,63;7,86;50,6;0,017;50,2;0,89;3,8;13,9;60,1;4.8;0,89;-;21.1%;15;EVITAR;alta;False;5830700
MOTV3;14,96;-1,25;3,46;8,17;57,2;0,083;76,8;0,8;2,27;27,4;18,6;10.1;1,82;-;20.4%;15;EVITAR;alta;False;5470200
BPAC11;57,04;-1,57;5,73;13,2;59,5;0,444;78,7;0,84;2,68;53,9;14,8;92.2;3,66;-;24.8%;15;EVITAR;alta;False;5047800
GOAU4;10,52;2,83;8,57;4,68;67,1;0,122;112,9;1,47;2,51;64,5;2,4;28.3;0,73;-;3.1%;15;EVITAR;alta;False;4715300
TIMS3;22,72;-1,6;1,93;7,23;53,1;0,093;70,1;1,25;2,4;23,8;24,8;12.5;2,19;-;17.7%;15;EVITAR;alta;False;4520400
EMBJ3;82,35;-0,17;1,04;4,96;55,0;-0,247;54,7;0,8;3,08;28,1;27,6;37.0;3,39;-;8.8%;15;EVITAR;alta;False;3210400
HYPE3;20,98;-0,24;4,27;5,14;51,3;0,089;69,6;0,93;2,6;6,8;28,7;8.0;1,05;-;13.0%;15;EVITAR;alta;False;2308400
BHIA3;1,07;-0,93;5,94;-9,32;38,5;0,026;39,4;0,84;6,5;8,1;412,1;-;0,39;-;-188.5%;15;EVITAR;alta;False;2180800
SIMH3;7,71;-4,34;2,39;1,18;43,2;0,075;40,1;1,51;4,81;5,6;89,5;-;0,76;-;0.6%;15;EVITAR;alta;False;2135400
LWSA3;3,96;-0,75;3,13;7,9;51,4;-0,009;50,3;0,68;3,82;20,7;21,3;-;0,92;-;-8.6%;15;EVITAR;alta;False;1591400
RECV3;10,29;-1,34;1,08;3,83;49,6;0,134;78,8;1,36;2,92;12,1;38,4;5.6;0,72;-;12.3%;15;EVITAR;alta;False;1526800
CASH3;4,6;-6,12;-3,56;8,75;58,2;0,064;73,2;1,42;5,53;43,3;68,5;-;1,1;-;-17.5%;15;EVITAR;alta;False;1373300
SBFG3;10,03;-2,62;5,03;1,21;46,0;0,027;39,9;0,7;4,03;6,1;52,4;7.0;0,7;-;11.2%;15;EVITAR;alta;False;1294500
OPCT3;11,4;1,33;7,75;11,44;68,4;0,109;98,8;1,21;2,9;94,0;0,5;18.1;2,2;-;12.5%;15;EVITAR;baixa;True;948400
HBRE3;2,24;-5,88;7,18;-10,4;39,1;-0,004;25,5;1,05;6,23;14,3;119,3;7.6;0,13;-;3.7%;15;EVITAR;baixa;True;627300
TUPY3;15,94;-1,12;11,16;19,22;64,2;0,112;90,6;0,94;3,63;50,5;10,0;-;0,84;-;-26.1%;15;EVITAR;baixa;True;616000
IRBR3;56,65;0,48;3,28;11,18;67,7;0,186;85,4;1,27;2,06;37,0;14,3;13.4;0,88;-;6.7%;15;EVITAR;baixa;True;437700
ABCB4;23,8;-1,08;-0,96;3,32;50,4;0,01;51,8;1,03;2,18;31,5;14,8;4.4;0,8;-;15.0%;15;EVITAR;baixa;True;421700
MDIA3;17,82;-1,16;1,83;1,54;44,2;0,148;74,5;0,68;2,28;4,6;62,8;8.8;0,72;-;8.5%;15;EVITAR;baixa;True;395900
TTEN3;15,15;-1,75;3,2;7,37;50,8;0,079;61,0;0,66;2,93;17,5;18,2;10.9;1,6;-;15.7%;15;EVITAR;baixa;True;376700
AZEV3;1,46;0,0;2,82;-47,86;26,8;-0,01;25,7;1,39;17,43;18,7;776,7;-;0,43;-;-145.3%;15;EVITAR;baixa;True;347500
DESK3;17,83;0,11;-0,22;1,89;52,3;0,015;64,9;0,51;1,39;139,1;5,0;35.1;1,46;-;5.0%;15;EVITAR;baixa;True;206000
BBAS3;20,55;-0,19;5,22;5,87;57,4;0,126;91,4;0,81;2,1;16,1;34,0;9.4;0,64;-;9.2%;10;EVITAR;alta;False;15332600
ENEV3;26,95;-0,81;5,69;11,92;58,0;0,1;73,8;1,32;2,84;103,2;4,3;43.2;2,44;-;8.7%;10;EVITAR;alta;False;11325000
VAMO3;3,12;-0,95;11,03;15,13;58,2;0,058;98,8;0,75;4,11;16,4;58,3;10.9;1,29;-;12.1%;10;EVITAR;alta;False;10109300
CXSE3;22,16;0,23;4,97;16,57;83,8;0,157;93,0;0,5;1,86;78,9;0,5;15.3;4,86;-;31.6%;10;EVITAR;alta;False;4347200
SUZB3;41,48;0,9;1,59;-1,78;50,1;0,139;54,7;0,7;2,25;5,9;43,8;4.5;1,07;-;26.3%;10;EVITAR;alta;False;4338400
CSMG3;65,36;-1,12;4,08;17,15;67,2;0,333;80,3;0,66;2,71;183,0;3,8;17.9;2,77;-;15.9%;10;EVITAR;alta;False;4098700
NATU3;8,67;1,4;2,0;10,73;52,1;0,114;78,9;2,12;4,46;21,6;28,6;-;0,94;-;-0.1%;10;EVITAR;alta;False;3793500
AURE3;11,99;-2,6;2,57;7,25;50,1;0,096;61,8;2,1;3,42;36,6;22,3;-;1,03;-;-8.8%;10;EVITAR;alta;False;3371100
PINE4;11,8;-2,47;-1,83;-8,25;41,9;0,044;30,4;0,53;4,91;128,1;34,0;5.2;1,67;-;36.5%;10;EVITAR;alta;False;2273300
IGTI11;26,54;1,95;8,4;13,9;61,4;0,228;95,9;1,56;2,5;32,1;14,6;157.9;1,56;-;15.4%;10;EVITAR;alta;False;1736100
CBAV3;10,87;0,28;0,28;1,4;66,7;0,007;109,7;0,47;0,55;298,4;0,0;57.1;1,53;-;5.1%;10;EVITAR;baixa;True;979200
ALPA4;12,01;-1,96;5,26;-7,83;45,9;-0,013;36,6;0,48;3,52;69,5;35,1;13.8;2,33;-;16.5%;10;EVITAR;baixa;True;967700
VULC3;14,3;-0,28;3,62;-0,63;47,4;0,073;55,8;0,71;2,44;5,6;41,5;3.7;1,86;-;48.4%;10;EVITAR;baixa;True;758200
MYPK3;9,23;-1,07;4,41;2,67;53,1;0,038;67,8;0,57;2,7;7,5;54,6;15.3;0,34;-;4.7%;10;EVITAR;baixa;True;715600
RANI3;7,98;-0,37;1,27;1,4;53,7;0,021;75,4;0,68;1,8;19,7;22,1;8.8;1,27;-;14.7%;10;EVITAR;baixa;True;590400
FIQE3;5,71;-2,89;-4,19;-1,72;41,0;0,031;29,9;1,19;3,35;108,7;35,9;9.1;1,87;-;18.8%;10;EVITAR;baixa;True;515400
PNVL3;11,12;-1,85;5,8;1,71;50,0;0,09;68,2;0,55;3,47;27,7;46,5;12.5;1,26;-;10.4%;10;EVITAR;baixa;True;377600
TFCO4;14,96;-1,12;1,77;0,96;48,8;-0,003;45,9;0,67;3,08;10,7;21,5;15.5;3,76;-;26.4%;10;EVITAR;baixa;True;369200
AZTE3;1,27;-7,3;-9,29;-29,44;35,6;-0,004;12,2;1,24;17,58;21,0;419,7;-;0,18;-;-3.9%;10;EVITAR;baixa;True;232900
BRST3;2,8;-1,75;1,82;4,48;52,2;0,012;68,3;0,87;2,93;8,6;26,8;35.1;0,8;-;2.5%;10;EVITAR;baixa;True;202800
B3SA3;15,69;2,35;10,18;9,0;58,7;0,192;110,7;0,92;3,07;36,4;27,7;16.7;4,22;-;26.7%;5;EVITAR;alta;False;31046100
PETR4;40,59;-0,17;2,37;5,24;56,9;0,478;95,7;0,81;2,2;48,5;21,1;4.9;1,15;-;25.6%;5;EVITAR;alta;False;20551700
LREN3;14,1;-1,33;2,84;-0,86;45,9;-0,038;33,8;0,72;3,61;16,9;25,0;9.2;1,29;-;14.5%;5;EVITAR;alta;False;16448600
CSNA3;5,24;0,77;12,21;-6,93;49,6;0,112;78,4;0,77;4,91;16,7;116,0;-;0,53;-;-8.3%;5;EVITAR;alta;False;8780300
BRKM5;6,41;-6,15;4,4;-23,42;37,1;0,155;37,3;0,64;8,8;9,9;115,0;-;-0,31;-;-;5;EVITAR;alta;False;6618700
BRAV3;20,05;0,15;6,2;0,8;60,1;0,162;103,0;1,69;3,69;51,8;10,4;40.1;0,8;-;2.1%;5;EVITAR;alta;False;6094100
RENT3;40,35;-0,47;3,89;0,78;47,0;0,057;41,6;0,5;3,11;29,6;30,6;18.8;1,62;-;8.5%;5;EVITAR;alta;False;5996100
RCSL4;0,43;2,38;0,0;-14,0;39,9;-0,002;32,0;0,84;9,37;68,6;544,8;-;-4,17;-;-;5;EVITAR;alta;False;5600600
GMAT3;3,98;0,51;6,42;3,65;54,1;0,052;84,7;0,89;3,59;16,0;96,5;5.0;0,82;-;16.0%;5;EVITAR;alta;False;3522200
SMFT3;20,97;-1,55;7,81;10,6;64,1;0,147;88,1;1,13;2,92;26,6;25,9;18.8;2,17;-;12.1%;5;EVITAR;alta;False;3441700
KLBN4;3,47;-0,57;0,87;2,36;55,5;0,01;71,8;0,59;1,88;8,2;21,3;43.8;0,48;-;5.5%;5;EVITAR;alta;False;2619800
YDUQ3;8,76;-2,23;5,93;4,78;47,6;0,061;56,6;1,06;4,14;11,6;74,5;20.1;0,77;-;3.8%;5;EVITAR;alta;False;2492900
BRAP4;21,77;0,97;4,01;-3,5;45,8;-0,03;35,5;1,19;2,47;58,3;17,7;11.4;1,07;-;9.5%;5;EVITAR;alta;False;2445600
GGPS3;12,81;-1,16;5,87;13,66;58,5;0,17;82,7;0,5;3,21;15,2;53,4;13.1;2,26;-;17.1%;5;EVITAR;alta;False;1890700
SLCE3;13,5;-2,24;2,2;-1,82;43,3;0,201;62,4;0,89;2,91;7,3;44,3;20.9;1,27;-;5.3%;5;EVITAR;alta;False;1732000
AMER3;3,69;-1,6;-2,12;-18,18;38,2;0,037;28,4;0,52;7,21;9,5;139,0;1.4;0,17;-;4.7%;5;EVITAR;alta;False;1690700
BRSR6;14,35;-0,83;3,16;-0,42;53,7;0,1;78,0;0,43;2,38;52,5;29,8;3.2;0,5;-;15.6%;5;EVITAR;baixa;True;966800
SAPR4;7,26;0,41;3,71;0,41;50,6;0,026;62,9;0,74;2,29;20,0;27,1;9.4;0,17;-;9.9%;5;EVITAR;baixa;True;918900
CYRE4;21,11;-1,36;6,24;9,61;52,3;0,018;56,9;0,26;3,9;16,4;45,0;-;0,84;-;21.1%;5;EVITAR;baixa;True;482800
DASA3;2,63;-1,13;6,91;-0,75;46,0;0,011;41,2;0,57;5,21;122,9;81,4;-;0,49;-;-13.8%;5;EVITAR;baixa;True;400700
SEQL3;0,07;0,0;16,67;-12,5;44,0;0,001;39,5;0,27;19,02;16,7;23472,1;-;-1,71;-;-;5;EVITAR;baixa;True;227500
CSAN3;3,93;1,03;4,8;13,26;54,8;0,051;79,9;0,73;4,27;22,8;104,3;-;4,35;-;-29.9%;0;EVITAR;alta;False;17665100
ASAI3;8,66;0,0;2,0;11,03;52,7;0,026;61,2;0,93;3,74;25,3;22,6;23.1;1,95;-;12.4%;0;EVITAR;alta;False;7539300
RAIL3;14,07;-0,42;6,19;13,01;56,1;0,151;79,7;0,65;2,96;15,7;25,1;24.9;1,86;-;7.3%;0;EVITAR;alta;False;4761300
JHSF3;10,77;0,56;4,06;2,72;48,3;-0,005;44,8;0,81;3,54;136,0;32,2;3.5;1,04;-;27.9%;0;EVITAR;alta;False;3339200
ALOS3;28,23;-0,04;4,79;7,81;55,7;0,114;73,0;0,64;2,21;48,1;17,4;16.7;1,07;-;6.9%;0;EVITAR;alta;False;3194800
KLBN11;17,39;0,4;1,34;2,54;57,7;0,053;81,9;0,79;1,74;8,5;22,2;26.3;2,36;-;5.5%;0;EVITAR;alta;False;2518500
QUAL3;1,69;0,6;6,29;4,21;47,6;-0,01;31,7;0,75;5,06;14,0;66,0;82.0;0,36;-;0.9%;0;EVITAR;alta;False;1839900
MDNE3;26,68;-0,45;5,25;-1,88;44,1;-0,252;28,9;0,87;4,52;58,2;28,5;4.4;1,23;-;27.2%;0;EVITAR;alta;False;1647700
RAPT4;4,81;-0,21;9,07;3,22;55,0;0,057;92,3;0,46;3,59;15,1;68,8;-;0,54;-;-2.5%;0;EVITAR;alta;False;1583400
HBOR3;2,08;-1,42;15,56;-10,34;47,6;0,006;44,7;0,91;6,97;26,1;104,5;52.0;0,19;-;2.9%;0;EVITAR;alta;False;1364200
AZZA3;18,66;-1,01;4,25;12,41;51,5;0,18;57,9;0,38;4,55;15,9;87,4;4.6;0,47;-;10.5%;0;EVITAR;alta;False;1186100
ORVR3;75,27;-0,88;0,36;0,75;43,5;-0,239;20,2;0,67;2,81;60,0;12,8;72.7;4,88;-;8.2%;0;EVITAR;alta;False;1068700
JALL3;2,03;-5,58;3,05;-5,58;36,2;0,022;22,6;0,8;4,7;3,6;87,7;67.3;0,3;-;0.5%;0;EVITAR;baixa;True;927500
ALUP11;33,75;-1,06;4,07;7,35;58,7;0,201;84,7;0,59;1,95;21,0;9,2;8.0;1,19;-;12.7%;0;EVITAR;baixa;True;904600
SAPR11;37,26;-0,45;2,84;-0,51;48,4;0,103;49,1;0,65;2,71;18,0;30,8;46.0;0,89;-;9.9%;0;EVITAR;baixa;True;844700
ENJU3;0,93;10,71;13,41;20,09;69,7;0,013;143,1;1,3;5,63;37,0;15,0;-;0,66;-;-5.8%;0;EVITAR;baixa;True;717600
SOJA3;6,01;-2,44;2,04;1,01;46,7;0,03;51,5;0,57;3,38;4,9;74,0;75.1;0,63;-;6.0%;0;EVITAR;baixa;True;387400
BMOB3;23,99;1,91;4,58;3,01;53,0;0,099;88,6;0,78;2,9;34,0;18,4;12.8;2,09;-;15.5%;0;EVITAR;baixa;True;259800
PTBL3;1,73;-3,35;5,49;6,13;50,2;0,028;77,1;0,51;5,66;15,3;159,0;-;9,15;-;-146.7%;0;EVITAR;baixa;True;231700
PMAM3;0,33;17,86;57,14;-5,71;60,8;0,013;108,3;4,81;12,24;57,1;445,5;-;-0,01;-;-;-5;EVITAR;alta;False;14118100
VALE3;74,51;0,68;2,49;-6,61;39,5;-0,272;24,7;0,87;2,43;55,0;23,0;21.3;1,63;-;6.8%;-5;EVITAR;alta;False;12989700
RADL3;18,67;0,38;7,79;7,35;59,6;0,284;94,9;0,75;3,21;49,0;45,3;23.4;4,41;-;18.9%;-5;EVITAR;alta;False;5669400
RDOR3;36,01;-0,11;5,66;9,31;59,0;0,183;85,5;0,97;2,67;24,9;24,8;17.2;3,99;-;19.2%;-5;EVITAR;alta;False;4686700
EQTL3;40,33;-1,51;4,35;8,74;56,7;0,235;78,5;0,77;2,35;26,8;14,9;42.4;1,95;-;6.9%;-5;EVITAR;alta;False;4475200
AUAU3;3,22;-0,31;3,87;1,58;50,9;0,008;68,6;0,99;3,38;15,2;25,3;-;0,87;-;6.5%;-5;EVITAR;alta;False;3122400
DXCO3;5,19;1,96;8,58;8,81;64,8;0,031;116,2;1,4;2,99;17,2;19,8;inf;0,68;-;1.1%;-5;EVITAR;alta;False;1778900
KLBN3;3,51;0,0;2,33;4,78;60,1;0,013;91,5;0,52;1,91;9,4;20,8;44.0;0,48;-;5.5%;-5;EVITAR;baixa;True;535400
POSI3;3,95;-1,0;4,5;5,9;51,9;0,014;55,8;0,74;3,79;19,7;21,5;55.4;0,35;-;0.8%;-5;EVITAR;baixa;True;503700
JSLG3;5,65;-0,18;2,73;4,63;47,8;0,058;74,3;0,48;4,18;50,6;56,1;-;1,38;-;-6.4%;-5;EVITAR;baixa;True;267200
VIVT3;35,47;-0,14;3,38;8,17;58,6;0,172;84,8;0,77;2,32;26,2;16,7;18.0;1,65;-;9.2%;-10;EVITAR;alta;False;4995800
ENGI11;50,91;-1,41;4,75;11,4;60,9;0,502;84,2;0,65;2,41;30,0;16,4;36.3;0,97;-;12.1%;-10;EVITAR;alta;False;1506500
HBSA3;3,4;0,0;-1,73;-1,73;47,1;-0,023;22,7;0,84;3,93;16,8;29,1;332.0;2,25;-;1.0%;-10;EVITAR;baixa;True;731700
ARML3;3,37;-4,26;16,21;13,09;56,3;0,095;92,5;0,71;5,75;27,9;86,9;23.1;0,88;-;5.6%;-10;EVITAR;baixa;True;383300
BRBI11;15,04;-0,13;4,59;2,24;50,5;0,15;81,3;0,54;2,75;8,2;42,9;33.5;1,95;-;21.3%;-10;EVITAR;baixa;True;250400
PRNR3;19,0;-1,5;4,63;8,94;58,8;0,187;88,1;1,0;3,08;31,7;16,3;27.2;1,97;-;11.6%;-10;EVITAR;baixa;True;201800
PRIO3;57,5;-0,12;1,91;1,34;52,9;0,792;82,8;0,56;2,78;68,2;26,9;17.2;1,72;-;9.7%;-15;EVITAR;alta;False;3792100
HAPV3;10,99;-1,79;10,34;3,88;53,4;0,139;98,9;1,38;4,58;57,0;288,2;-;0,11;-;-0.9%;-15;EVITAR;alta;False;3366000
MGLU3;5,03;-0,4;11,53;6,12;50,5;0,16;87,8;0,93;5,75;24,8;127,5;27.3;0,34;-;1.2%;-25;EVITAR;alta;False;14067000
